{
    "address": "2b50a4fe2a6300116edbcf2632d079a12abf5f2d",
    "crypto": {
        "cipher": "aes-128-ctr",
        "ciphertext": "15a3b8fecd1b6359d12b225c6796a6bd69e7f3119ea666ebebc51f4b928844b5",
        "cipherparams": {
            "iv": "e60d815a72dcb9c7e3d3196d115e87fd"
        },
        "kdf": "scrypt",
        "kdfparams": {
            "dklen": 32,
            "n": 262144,
            "p": 1,
            "r": 8,
            "salt": "d4404689470b5b2d531f9f2ed9e15e13dad2b7b499715bc0ac76f8a93835ff53"
        },
        "mac": "e0c890d732b438a52fcaf13bcc20ae8374deabc7b1207772675901ddf5a89504"
    },
    "id": "9be117c8-b3bf-42c3-91b0-69b03921f53a",
    "version": 3
}